Workbook

Sheet Read Me
B2: Judgment Content Analysis · Dataset template
B4: How to use this file
B5: 1. Fill the Team sheet.
B6: 2. In the Data sheet, enter one row per judgment starting at row 6. Row 5 is a made-up example showing the format; leave it as it is.
B7: 3. Pale yellow cells are yours to fill. Dropdown columns accept only the listed values (see the Vocabularies sheet). Do not add, delete or reorder columns.
B8: 4. When done, rename this file data.xlsx. Also save the Data sheet as data.csv (File > Save As > CSV). Upload both to your GitHub repository.
B9: 5. Read the Option 2 Guide for the column meanings, the charts, GitHub steps and the README.

Sheet Team
B2: Team information
B4: Topic | C4: Maintenance and Alimony for Wife's and Childern in Matrimonial Disputes, Supreme Court of India, 2021 to 2026
B5: Court | C5: Supreme Court
B6: Team name | C6: Maintenance and Almony Analysts
B7: GitHub repository link | C7: https://github.com/mahichauhan2345-create/maintenance-and-alimony-judgement-
B8: Member 1 · name and section | C8: MAHI CHAUHAN (SECTION B)
B9: Member 2 · name and section | C9: VIDHI KAPOOR (SECTION B)
B10: Member 3 · name and section (if any)
B11: Member 4 · name and section (if any)
B12: Date completed (DD-MM-YYYY) | C12: 46320

Sheet Data
A1: Data · one row per judgment
A2: Row 5 is a made-up example. Your judgments start at row 6. Enter 10 to 20 judgments decided between 01-09-2021 and 31-08-2026. See the Option 2 Guide, section 4.
A4: # | B4: Case name | C4: Citation or case number | D4: Date of decision (DD-MM-YYYY) | E4: Year | F4: Bench strength | G4: Type of case | H4: Who brought the case | I4: Outcome | J4: Who won | K4: Main provision | L4: Issue in one line | M4: Holding in one line | N4: Precedent chiefly relied on | O4: Source link (official copy) | P4: Coded by
A5: EX | B5: Example Petitioner v. State of Maharashtra (made-up) | C5: 2024 INSC 000 (made-up) | D5: 15-03-2024 | E5: 2024 | F5: 2 | G5: Criminal appeal | H5: Individual | I5: Allowed | J5: Individual | K5: s 438 CrPC | L5: Whether anticipatory bail can be limited to a fixed period. | M5: Bail granted; protection ordinarily lasts till the end of trial. | N5: Sushila Aggarwal v. State (NCT of Delhi) | O5: https://www.sci.gov.in/judgements/ (made-up) | P5: A. Deshmukh
A6: 1 | B6: Anju Garg vs Deepak Kumar Garg | C6: CRIMINAL APPEAL NO. 1693 OF 2022 | D6: 44832 | E6: 2022 | F6: 2 | G6: Criminal appeal | H6: Individual | I6: Allowed | J6: Individual | K6: sec. 125 of CrPC | L6: whether after rejection from Family Court and High Court, wife is entitled for maintenance under sec. 125 of CrPC? | M6: SC held HC and Family Court wrong; granted wife rupees 10,000 a month | N6: Bhuwan Mohan Singh vs. Meena & Ors. | O6: https://api.sci.gov.in/supremecourt/2018/43245/43245_2018_9_1501_38622_Judgement_28-Sep-2022.pdf | P6: Mahi Chauhan
A7: 2 | B7: Shahjahan v. State of UP and Another | C7: 2025 INSC 528 | D7: 45692 | E7: 2025 | F7: 2 | G7: Criminal appeal | H7: Individual | I7: Allowed | J7: Individual | K7: sec. 125 of CrPC | L7: whether the wife was entitled for maintenance under sec. 125 of CrPc? | M7: SC awarded wife rupees 4,000 a month; Family Court's reasoning was wrong | N7: Rajnesh v. Neha | O7: https://api.sci.gov.in/supremecourt/2018/42369/42369_2018_12_2_59169_Judgement_04-Feb-2025.pdf | P7: Mahi Chauhan
A8: 3 | B8: Rina Kumari @ Rina Devi @ Reena vs Dinesh Kumar Mahto @ Dinesh Kumar Mahato | C8: 2025 INSC 55 | D8: 45667 | E8: 2025 | F8: 2 | G8: Criminal appeal | H8: Individual | I8: Allowed | J8: Individual | K8: sec. 125 of CrPC | L8: whether refusal to comply with a decree for restitution automatically disqualifies a wife for maintenance? | M8: SC rejected this idea; ground should be sufficient and justifiable | N8: Chaturbhuj vs. Sita Bai | O8: https://api.sci.gov.in/supremecourt/2024/7336/7336_2024_1_1501_58403_Judgement_10-Jan-2025.pdf | P8: Mahi Chauhan
A9: 4 | B9: Mohd Abdul Samad vs The State Of Telangana | C9: 2024 INSC 506 | D9: 45483 | E9: 2024 | F9: 2 | G9: Criminal appeal | H9: Individual | I9: Dismissed | J9: Individual | K9: sec. 125 of CrPC | L9: whether special act prevails over secular provisions of maintenance? | M9: SC held section 125 of CrPC should be applied to every women; including divorced muslim women | N9: Danial Latifi V. Union of India | O9: https://api.sci.gov.in/supremecourt/2024/3533/3533_2024_11_1501_53688_Judgement_10-Jul-2024.pdf | P9: Mahi Chauhan
A10: 5 | B10: Himanshu Chordia vs State Of Rajasthan | C10: 2026 INSC 778 | D10: 46234 | E10: 2026 | F10: 2 | G10: Criminal appeal | H10: Individual | I10: Allowed | J10: Individual | K10: sec. 125(4) of CrPC | L10: whether the husband's contention of wife living in adultery under section 125(4)should be determined immediately or deferred to the end, and whether interim maintenance is continued in the meantime? | M10: SC held that interim maintenance will be there unless adultery is proved on evidence; it should be decided before final adjudication | N10: Dukhtar Jahan v. Mohd. Farooq | O10: https://api.sci.gov.in/supremecourt/2025/8519/8519_2025_8_1501_72794_Judgement_31-Jul-2026.pdf | P10: Mahi Chauhan
A11: 6 | B11: S Vijikumari vs Mowneshwarachari C | C11: 2024 INSC 732 | D11: 45545 | E11: 2024 | F11: 2 | G11: Criminal appeal | H11: Individual | I11: Allowed | J11: Individual | K11: sec 25(2) Protection of Women from Domestic Violence Act, 2005 | L11: whether final maintenance order be set aside using sec. 25 of DV Act, claiming wife hid that she was employed? | M11: SC rejected the claim; sec 25(2) allows alteration or revocation only for change of circumstances | N11: Alexander Sambath Abner vs. Miron Lede | O11: https://api.sci.gov.in/supremecourt/2023/15840/15840_2023_9_9_55546_Judgement_10-Sep-2024.pdf | P11: Mahi Chauhan
A12: 7 | B12: Aditi Alias Mithi vs Jitesh Sharma | C12: 2023 INSC 981 | D12: 45236 | E12: 2023 | F12: 2 | G12: Criminal appeal | H12: Individual | I12: Allowed | J12: Individual | K12: sec 125 of CrPC | L12: whether minor daughter's maintenance be reduced by lower courts? | M12: SC held HC's order invalid | N12: Rajnesh v. Neha and Another | O12: https://api.sci.gov.in/supremecourt/2023/38285/38285_2023_11_1505_48074_Judgement_06-Nov-2023.pdf | P12: Mahi Chauhan
A13: 8 | B13: X vs Y | C13: 2024 INSC 476 | D13: 45481 | E13: 2024 | F13: 2 | G13: Civil appeal | H13: Individual | I13: Partly allowed | J13: Individual | K13: sec 13(1)(ib) Hindu Marriage Act | L13: whether the husband has the right to seek divorce by way of desertion when the wife failed to cohabit and the appropriate amount of alimony? | M13: SC granted rupees 30 lakh as full and final maintenance; also divorce was granted | N13: None | O13: https://api.sci.gov.in/supremecourt/2019/43625/43625_2019_6_1505_53522_Judgement_08-Jul-2024.pdf | P13: Mahi Chauhan
A14: 9 | B14: Pradeep Bhardwaj vs Priya | C14: 2025 INSC 852 | D14: 45853 | E14: 2025 | F14: 2 | G14: Civil appeal | H14: Individual | I14: Allowed | J14: Individual | K14: sec 13(1)(ia) Hindu Marriage Act | L14: whether maintenance be enhanced and what amount of maintenance should be payable post-divorce? | M14: SC enhanced the monthly maintenance for wife and son to rupees 15,000 a month | N14: Shilpa Sailesh v. Varun Sreenivasan | O14: https://api.sci.gov.in/supremecourt/2019/20440/20440_2019_3_1501_62322_Judgement_15-Jul-2025.pdf | P14: Mahi Chauhan
A15: 10 | B15: Trisha Singh vs Anurag Kumar | C15: 2024 INSC 450 | D15: 45427 | E15: 2024 | F15: 3 | G15: Other | H15: Individual | I15: Allowed | J15: Mixed or unclear | K15: Art. 142(1) Constitution of India | L15: Whether a wife can unilateraly back out from mediated settlement for permanent alimony after taking advantage? | M15: SC held that wife can not unilateraly do so; terms of mediated settlement agreement for full and final permanent alimony remains binding | N15: Ruchi Agarwal v. Amit Kumar Agrawal and Others | O15: https://api.sci.gov.in/supremecourt/2023/7582/7582_2023_3_2_53263_Judgement_15-May-2024.pdf | P15: Mahi Chauhan
A16: 11 | B16: Sukhdev Singh vs Sukhbir Kaur | C16: 2025 INSC 197 | D16: 45700 | E16: 2025 | F16: 3 | G16: Civil appeal | H16: Individual | I16: Allowed | J16: Mixed or unclear | K16: ss 24 and 25 HMA | L16: Whether a spouse of marriage declared void under section 11 of can claim permanent alimony under section 25 and interim maintenance under section 24 ? | M16: yes it is to both, relief is discretionary and depends soley on the parties conduct | N16: chand dhawan vs jawaharlal dhawan | O16: https://api.sci.gov.in/supremecourt/2018/15003/15003_2018_4_1501_59475_Judgement_12-Feb-2025.pdf | P16: Vidhi Kapoor
A17: 12 | B17: Rakhi Sadhukhan vs Raja Sadhukhan | C17: 2025 INSC 789 | D17: 45806 | E17: 2025 | F17: 2 | G17: Civil appeal | H17: Individual | I17: Allowed | J17: Individual | K17: Sec. 27 of SMA; Sec. 24 of HMA | L17: whether the permanent alimony with high court fixed for the wife on divorce should be enhanced ? | M17: Enhanced to Rs. 50,000 a month with a 5% rise every two years, based on husband's income and the marital standard of living. | N17: None | O17: https://api.sci.gov.in/supremecourt/2023/2269/2269_2023_3_1501_62129_Judgement_29-May-2025.pdf | P17: Vidhi Kapoor
... A25: 20 | B25: Smt. N. Usha Rani vs Moodududla Srinivas | C25: 2025 INSC 129 | D25: 45687 | E25: 2025 | F25: 2 | G25: Criminal appeal | H25: Individual | I25: Allowed | J25: Individual | K25: sec 125 of CrPC | L25: Whether a woman can claim sec 125 maintenance from her second husband while her first marriage has not been resolved by a legal decree? | M25: Yes, the husband knew of the first marriage and married her twice she had separated from her first husband by an MoU and received no maintainance from him | N25: Vimala (K) vs Veeraswamy (K) | O25: https://api.sci.gov.in/supremecourt/2017/23813/23813_2017_7_1501_58898_Judgement_30-Jan-2025.pdf | P25: Vidhi Kapoor

Sheet Chart counts
A1: Counts for your charts (these update automatically from the Data sheet)
A2: Select a table below, then Insert > Chart in Excel or Google Sheets. Save each chart as PNG.
A4: Year | B4: Judgments
A5: 2021 | B5: =COUNTIF(Data!E$6:E$25,A5) -> 0
A6: 2022 | B6: =COUNTIF(Data!E$6:E$25,A6) -> 1
A7: 2023 | B7: =COUNTIF(Data!E$6:E$25,A7) -> 2
A8: 2024 | B8: =COUNTIF(Data!E$6:E$25,A8) -> 7
A9: 2025 | B9: =COUNTIF(Data!E$6:E$25,A9) -> 8
A10: 2026 | B10: =COUNTIF(Data!E$6:E$25,A10) -> 2
A12: Outcome | B12: Judgments
A13: Allowed | B13: =COUNTIF(Data!I$6:I$25,A13) -> 14
A14: Dismissed | B14: =COUNTIF(Data!I$6:I$25,A14) -> 1
A15: Partly allowed | B15: =COUNTIF(Data!I$6:I$25,A15) -> 5
A16: Other | B16: =COUNTIF(Data!I$6:I$25,A16) -> 0
A18: Who brought the case | B18: Judgments
A19: Individual | B19: =COUNTIF(Data!H$6:H$25,A19) -> 20
A20: Company | B20: =COUNTIF(Data!H$6:H$25,A20) -> 0
A21: State or public body | B21: =COUNTIF(Data!H$6:H$25,A21) -> 0
A22: Association or NGO | B22: =COUNTIF(Data!H$6:H$25,A22) -> 0
A23: Other | B23: =COUNTIF(Data!H$6:H$25,A23) -> 0
A25: Who won | B25: Judgments
A26: Individual | B26: =COUNTIF(Data!J$6:J$25,A26) -> 13
A27: Company | B27: =COUNTIF(Data!J$6:J$25,A27) -> 0
A28: State or public body | B28: =COUNTIF(Data!J$6:J$25,A28) -> 0
A29: Association or NGO | B29: =COUNTIF(Data!J$6:J$25,A29) -> 0
A30: Mixed or unclear | B30: =COUNTIF(Data!J$6:J$25,A30) -> 7
A32: Type of case | B32: Judgments
A33: Writ petition | B33: =COUNTIF(Data!G$6:G$25,A33) -> 0
A34: Civil appeal | B34: =COUNTIF(Data!G$6:G$25,A34) -> 9
A35: Criminal appeal | B35: =COUNTIF(Data!G$6:G$25,A35) -> 9
A36: SLP | B36: =COUNTIF(Data!G$6:G$25,A36) -> 0
A37: Other | B37: =COUNTIF(Data!G$6:G$25,A37) -> 2

Sheet Vocabularies
A1: Lists used by the dropdowns (do not edit)
A2: Type of case | B2: Who brought the case | C2: Outcome | D2: Who won
A3: Writ petition | B3: Individual | C3: Allowed | D3: Individual
A4: Civil appeal | B4: Company | C4: Dismissed | D4: Company
A5: Criminal appeal | B5: State or public body | C5: Partly allowed | D5: State or public body
A6: SLP | B6: Association or NGO | C6: Other | D6: Association or NGO
A7: Other | B7: Other | D7: Mixed or unclear

Sheet Sheet1
